"","player1","player2","kills","deaths","win.rate"
"1",1001,1002,8,5,0.55505731026512
"2",1004,1005,3,1,0.561688714831821
"3",1002,1006,5,0,0.672407510517559
"4",1008,1009,0,5,0.289286872485196
"5",1012,1013,8,2,0.649572100300113
"6",1018,1019,3,7,0.371922787178545
"7",1021,1022,0,6,0.268407992105419
"8",1023,1024,6,0,0.695449089703642
"9",1025,1026,0,4,0.313692288112888
"10",1023,1027,7,1,0.669574508888989
"11",1031,1032,3,1,0.561688714831821
"12",1032,1033,0,4,0.313692288112888
"13",1039,1040,47,24,0.637386997241909
"14",1001,1042,20,0,0.846624618205263
"15",1018,1043,0,12,0.187317440126488
"16",1028,1045,0,21,0.128913332954686
"17",1018,1044,1,6,0.315628202426355
"18",1035,1050,35,4,0.821250566902563
"19",1001,1052,12,19,0.398488092063667
"20",1001,1050,17,4,0.711332876081848
"21",1048,1050,10,5,0.593199598448365
"22",1048,1052,0,4,0.313692288112888
"23",1052,1053,6,3,0.570088727958672
"24",1054,1055,0,7,0.250342156036046
"25",1001,1055,6,0,0.695449089703642
"26",1035,1053,5,8,0.41249616485111
"27",1023,1056,5,0,0.672407510517559
"28",1033,1058,2,6,0.357214643133138
"29",1059,1060,10,2,0.684168085220315
"30",1059,1062,6,1,0.647895433326704
"31",1063,1066,0,4,0.313692288112888
"32",1059,1067,4,14,0.294404403229381
"33",1044,1056,3,1,0.561688714831821
"34",1058,1068,4,0,0.645604033971766
"35",1052,1059,51,15,0.735464847343728
"36",1052,1062,6,1,0.647895433326704
"37",1044,1060,4,2,0.551365965377956
"38",1050,1059,6,12,0.370456429083047
"39",1050,1052,4,4,0.481248948733334
"40",1050,1058,1,3,0.395715728907418
"41",1058,1059,6,1,0.647895433326704
"42",1052,1067,5,2,0.58072378364636
"43",1052,1058,4,8,0.383769234688249
"44",1050,1067,5,5,0.48230845109725
"45",1004,1058,0,7,0.250342156036046
"46",1042,1050,14,37,0.296179633311658
"47",1042,1059,3,26,0.179864884400418
"48",1058,1069,5,0,0.672407510517559
"49",1004,1069,10,0,0.76234683912645
"50",1046,1069,7,0,0.715467261367183
"51",1004,1059,27,14,0.622173477610218
"52",1029,1069,8,0,0.733019503581283
"53",1050,1069,7,0,0.715467261367183
"54",1050,1073,4,4,0.481248948733334
"55",1076,1077,5,6,0.456544642317158
"56",1004,1060,6,4,0.537836125411821
"57",1044,1069,3,1,0.561688714831821
"58",1004,1076,4,2,0.551365965377956
"59",1008,1053,4,7,0.404230324643543
"60",1029,1060,6,0,0.695449089703642
"61",1060,1086,3,2,0.517609582517305
"62",1069,1087,0,7,0.250342156036046
"63",1042,1060,11,5,0.609924589099064
"64",1060,1079,2,2,0.478396034182463
"65",1063,1086,2,4,0.408996006843572
"66",1042,1079,2,4,0.408996006843572
"67",1006,1079,2,7,0.335955297576385
"68",1014,1042,3,1,0.561688714831821
"69",1042,1044,2,3,0.440973718120876
"70",1053,1055,3,1,0.561688714831821
"71",1004,1014,17,8,0.623594474075551
"72",1004,1055,2,3,0.440973718120876
"73",1002,1008,6,2,0.606486437372257
"74",1039,1053,11,8,0.541087343132911
"75",1008,1039,7,17,0.331318042198903
"76",1008,1008,4,0,0.645604033971766
"77",1014,1055,13,5,0.639569165506638
"78",1025,1053,0,6,0.268407992105419
"79",1053,1087,2,6,0.357214643133138
"80",1002,1007,4,0,0.645604033971766
"81",1002,1087,3,1,0.561688714831821
"82",1018,1023,9,7,0.526303411490992
"83",1029,1099,3,3,0.47997319335578
"84",1052,1100,5,4,0.511166902519275
"85",1035,1082,8,0,0.733019503581283
"86",1035,1052,7,12,0.393329493374875
"87",1050,1082,4,2,0.551365965377956
"88",1053,1101,2,3,0.440973718120876
"89",1037,1053,2,2,0.478396034182463
"90",1037,1103,12,0,0.785873370398215
"91",1001,1035,4,1,0.594745455110291
"92",1001,1101,3,2,0.517609582517305
"93",1052,1057,4,0,0.645604033971766
"94",1001,1087,1,4,0.364848450093357
"95",1052,1087,11,3,0.666539895102658
"96",1001,1059,3,5,0.419077658952381
"97",1035,1044,3,2,0.517609582517305
"98",1106,1107,4,0,0.645604033971766
"99",1067,1107,14,1,0.769140077265171
"100",1035,1100,3,2,0.517609582517305
"101",1059,1109,0,4,0.313692288112888
"102",1001,1040,12,19,0.398488092063667
"103",1040,1052,12,7,0.578228628723123
"104",1018,1035,1,6,0.315628202426355
"105",1018,1052,3,11,0.303631750804506
"106",1052,1111,5,13,0.332378382763766
"107",1040,1109,8,3,0.614655957254648
"108",1040,1111,9,7,0.526303411490992
"109",1035,1111,7,10,0.42517441449722
"110",1048,1109,1,5,0.338455483826052
"111",1052,1109,15,16,0.475140280221784
"112",1067,1109,10,10,0.485786009743109
"113",1028,1060,1,4,0.364848450093357
"114",1028,1067,1,5,0.338455483826052
"115",1028,1109,1,4,0.364848450093357
"116",1014,1028,12,0,0.785873370398215
"117",1053,1067,9,1,0.705812959700382
"118",1053,1109,7,3,0.593587047799441
"119",1059,1113,6,1,0.647895433326704
"120",1059,1091,3,2,0.517609582517305
"121",1006,1039,26,65,0.296139136186029
"122",1069,1107,28,0,0.880528063305318
"123",1006,1058,1,7,0.295688805952702
"124",1006,1074,0,6,0.268407992105419
"125",1045,1116,6,4,0.537836125411821
"126",1008,1074,2,5,0.381351990200008
"127",1053,1069,3,1,0.561688714831821
"128",1006,1067,6,10,0.401686895448087
"129",1006,1008,83,53,0.597992492914127
"130",1008,1058,0,4,0.313692288112888
"131",1029,1067,5,2,0.58072378364636
"132",1052,1065,3,4,0.447456554285415
"133",1004,1065,2,2,0.478396034182463
"134",1004,1073,2,2,0.478396034182463
"135",1008,1044,0,4,0.313692288112888
"136",1044,1055,9,1,0.705812959700382
"137",1003,1112,2,2,0.478396034182463
"138",1054,1121,0,4,0.313692288112888
"139",1003,1044,4,7,0.404230324643543
"140",1042,1108,4,0,0.645604033971766
"141",1003,1122,1,3,0.395715728907418
"142",1003,1055,13,7,0.593102127348527
"143",1003,1029,1,4,0.364848450093357
"144",1003,1039,5,9,0.393519120804333
"145",1006,1124,15,4,0.690172817333807
"146",1006,1006,4,0,0.645604033971766
"147",1003,1073,4,0,0.645604033971766
"148",1015,1128,0,4,0.313692288112888
"149",1023,1042,5,2,0.58072378364636
"150",1045,1052,2,2,0.478396034182463
"151",1028,1052,0,5,0.289286872485196
"152",1018,1110,7,5,0.533181842718561
"153",1014,1045,2,9,0.30022834620043
"154",1035,1043,2,2,0.478396034182463
"155",1035,1101,1,3,0.395715728907418
"156",1043,1101,5,2,0.58072378364636
"157",1043,1052,6,7,0.459865653386897
"158",1043,1112,4,0,0.645604033971766
"159",1014,1130,1,4,0.364848450093357
"160",1014,1060,26,5,0.758796691395014
"161",1014,1091,6,1,0.647895433326704
"162",1055,1091,1,4,0.364848450093357
"163",1071,1113,5,1,0.623180079717238
"164",1044,1130,0,5,0.289286872485196
"165",1043,1132,7,0,0.715467261367183
"166",1055,1059,4,12,0.319173179009392
"167",1055,1074,1,5,0.338455483826052
"168",1055,1058,3,19,0.222108897130237
"169",1058,1060,8,0,0.733019503581283
"170",1055,1065,4,6,0.427001891407959
"171",1014,1077,8,0,0.733019503581283
"172",1058,1077,2,2,0.478396034182463
"173",1043,1058,1,5,0.338455483826052
"174",1043,1091,5,0,0.672407510517559
"175",1043,1055,17,2,0.765306877220285
"176",1003,1077,1,3,0.395715728907418
"177",1003,1043,2,7,0.335955297576385
"178",1002,1039,5,0,0.672407510517559
"179",1135,1136,2,6,0.357214643133138
"180",1106,1137,2,2,0.478396034182463
"181",1008,1067,6,2,0.606486437372257
"182",1008,1124,10,1,0.721110052035787
"183",1018,1026,0,12,0.187317440126488
"184",1008,1145,5,0,0.672407510517559
"185",1109,1145,6,0,0.695449089703642
"186",1039,1109,5,1,0.623180079717238
"187",1035,1039,0,4,0.313692288112888
"188",1018,1039,2,7,0.335955297576385
"189",1008,1018,8,5,0.55505731026512
"190",1008,1043,3,9,0.334320756026152
"191",1044,1148,4,1,0.594745455110291
"192",1044,1147,3,2,0.517609582517305
"193",1101,1149,1,4,0.364848450093357
"194",1044,1135,2,2,0.478396034182463
"195",1038,1109,10,1,0.721110052035787
"196",1067,1149,6,6,0.483206592056743
"197",1055,1109,0,7,0.250342156036046
"198",1006,1065,1,4,0.364848450093357
"199",1055,1064,2,4,0.408996006843572
"200",1053,1058,1,5,0.338455483826052
"201",1053,1060,6,2,0.606486437372257
"202",1014,1076,4,1,0.594745455110291
"203",1071,1121,3,2,0.517609582517305
"204",1014,1052,2,4,0.408996006843572
"205",1029,1121,9,0,0.748534411681127
"206",1040,1040,7,0,0.715467261367183
"207",1059,1065,4,6,0.427001891407959
"208",1032,1121,6,2,0.606486437372257
"209",1029,1052,1,4,0.364848450093357
"210",1069,1109,1,3,0.395715728907418
"211",1039,1043,9,9,0.485253609247813
"212",1040,1043,0,8,0.23455634126196
"213",1039,1158,3,2,0.517609582517305
"214",1079,1158,3,2,0.517609582517305
"215",1079,1122,1,8,0.278121278278241
"216",1029,1039,1,5,0.338455483826052
"217",1003,1006,19,7,0.664186391740033
"218",1003,1008,15,8,0.599591616179635
"219",1039,1159,7,1,0.669574508888989
"220",1003,1136,3,16,0.246971867450267
"221",1018,1136,7,20,0.302693919184746
"222",1003,1018,4,4,0.481248948733334
"223",1003,1072,0,4,0.313692288112888
"224",1039,1136,2,3,0.440973718120876
"225",1006,1136,0,6,0.268407992105419
"226",1161,1162,4,0,0.645604033971766
"227",1161,1163,4,0,0.645604033971766
"228",1055,1137,1,6,0.315628202426355
"229",1019,1166,4,0,0.645604033971766
"230",1037,1055,5,5,0.48230845109725
"231",1089,1145,4,0,0.645604033971766
"232",1100,1111,0,6,0.268407992105419
"233",1109,1111,0,7,0.250342156036046
"234",1154,1169,1,3,0.395715728907418
"235",1004,1168,5,1,0.623180079717238
"236",1043,1168,4,0,0.645604033971766
"237",1122,1146,4,0,0.645604033971766
"238",1004,1035,7,4,0.561755719498768
"239",1055,1169,0,4,0.313692288112888
"240",1003,1038,3,4,0.447456554285415
"241",1003,1040,2,4,0.408996006843572
"242",1004,1136,2,2,0.478396034182463
"243",1008,1136,0,4,0.313692288112888
"244",1043,1136,3,4,0.447456554285415
"245",1018,1018,4,0,0.645604033971766
"246",1004,1175,8,1,0.688743223084261
"247",1004,1176,12,4,0.651907539637368
"248",1002,1176,5,1,0.623180079717238
"249",1002,1175,4,0,0.645604033971766
"250",1002,1052,6,6,0.483206592056743
"251",1004,1052,17,19,0.465950781400478
"252",1052,1176,3,1,0.561688714831821
"253",1043,1053,10,0,0.76234683912645
"254",1043,1089,3,2,0.517609582517305
"255",1003,1052,2,2,0.478396034182463
"256",1003,1089,2,2,0.478396034182463
"257",1002,1003,4,1,0.594745455110291
"258",1003,1125,4,5,0.452500289558166
"259",1001,1003,2,2,0.478396034182463
"260",1001,1004,2,2,0.478396034182463
"261",1003,1042,5,2,0.58072378364636
"262",1003,1050,2,6,0.357214643133138
"263",1035,1140,4,1,0.594745455110291
"264",1029,1140,3,1,0.561688714831821
"265",1029,1035,0,4,0.313692288112888
"266",1002,1111,5,0,0.672407510517559
"267",1050,1111,2,5,0.381351990200008
"268",1050,1060,8,6,0.529413022484636
"269",1050,1179,15,3,0.717313786248766
"270",1060,1067,3,1,0.561688714831821
"271",1043,1111,6,2,0.606486437372257
"272",1018,1067,1,3,0.395715728907418
"273",1091,1111,2,13,0.247586200752931
"274",1043,1050,7,1,0.669574508888989
"275",1067,1111,2,5,0.381351990200008
"276",1078,1111,5,0,0.672407510517559
"277",1060,1111,11,14,0.441555349360802
"278",1109,1180,8,0,0.733019503581283
"279",1002,1180,6,0,0.695449089703642
"280",1053,1112,4,0,0.645604033971766
"281",1004,1180,7,2,0.629273946458623
"282",1111,1182,3,3,0.47997319335578
"283",1052,1180,4,1,0.594745455110291
"284",1059,1079,4,4,0.481248948733334
"285",1002,1059,7,0,0.715467261367183
"286",1149,1180,6,1,0.647895433326704
"287",1059,1132,6,0,0.695449089703642
"288",1040,1079,4,0,0.645604033971766
"289",1059,1180,3,1,0.561688714831821
"290",1003,1137,0,4,0.313692288112888
"291",1072,1187,4,1,0.594745455110291
"292",1039,1072,3,2,0.517609582517305
"293",1055,1187,9,2,0.667766735671918
"294",1039,1188,4,0,0.645604033971766
"295",1037,1168,9,7,0.526303411490992
"296",1168,1168,9,0,0.748534411681127
"297",1018,1188,2,2,0.478396034182463
"298",1052,1146,3,1,0.561688714831821
"299",1162,1164,2,7,0.335955297576385
"300",1052,1194,5,3,0.543717402558259
"301",1006,1035,2,11,0.271375824947064
"302",1045,1050,6,3,0.570088727958672
"303",1035,1116,5,3,0.543717402558259
"304",1122,1197,4,4,0.481248948733334
"305",1052,1169,4,0,0.645604033971766
"306",1168,1194,3,5,0.419077658952381
"307",1060,1168,2,2,0.478396034182463
"308",1028,1168,1,4,0.364848450093357
"309",1055,1168,3,1,0.561688714831821
"310",1055,1060,5,8,0.41249616485111
"311",1045,1109,3,2,0.517609582517305
"312",1197,1200,12,11,0.502601441684259
"313",1053,1200,0,6,0.268407992105419
"314",1014,1200,3,4,0.447456554285415
"315",1200,1201,1,5,0.338455483826052
"316",1014,1188,5,0,0.672407510517559
"317",1006,1087,13,11,0.517934541372284
"318",1006,1040,2,8,0.317087384189186
"319",1048,1200,0,4,0.313692288112888
"320",1040,1200,1,3,0.395715728907418
"321",1042,1200,1,10,0.248587607211683
"322",1102,1200,1,5,0.338455483826052
"323",1029,1043,2,14,0.237190739633156
"324",1059,1200,7,11,0.408631195295381
"325",1050,1200,3,11,0.303631750804506
"326",1014,1176,4,1,0.594745455110291
"327",1176,1200,2,2,0.478396034182463
"328",1091,1200,0,4,0.313692288112888
"329",1091,1109,1,6,0.315628202426355
"330",1050,1091,10,1,0.721110052035787
"331",1014,1059,3,4,0.447456554285415
"332",1052,1091,5,1,0.623180079717238
"333",1052,1136,6,6,0.483206592056743
"334",1059,1136,3,13,0.278107878451958
"335",1004,1200,1,3,0.395715728907418
"336",1052,1200,6,3,0.570088727958672
"337",1136,1156,4,0,0.645604033971766
"338",1084,1200,0,5,0.289286872485196
"339",1014,1116,9,3,0.633652594676706
"340",1028,1200,0,4,0.313692288112888
"341",1116,1214,3,2,0.517609582517305
"342",1014,1164,9,1,0.705812959700382
"343",1004,1164,4,1,0.594745455110291
"344",1091,1116,3,2,0.517609582517305
"345",1004,1116,6,0,0.695449089703642
"346",1052,1213,3,2,0.517609582517305
"347",1008,1052,10,17,0.387650506580579
"348",1052,1179,3,1,0.561688714831821
"349",1014,1172,4,0,0.645604033971766
"350",1014,1189,4,0,0.645604033971766
"351",1014,1218,6,0,0.695449089703642
"352",1187,1217,6,0,0.695449089703642
"353",1014,1217,10,0,0.76234683912645
"354",1116,1219,5,2,0.58072378364636
"355",1179,1217,5,0,0.672407510517559
"356",1050,1217,6,0,0.695449089703642
"357",1001,1045,2,6,0.357214643133138
"358",1045,1224,4,0,0.645604033971766
"359",1039,1217,4,1,0.594745455110291
"360",1217,1224,0,7,0.250342156036046
"361",1019,1225,3,2,0.517609582517305
"362",1055,1164,4,2,0.551365965377956
"363",1002,1164,5,1,0.623180079717238
"364",1055,1217,4,0,0.645604033971766
"365",1014,1224,1,6,0.315628202426355
"366",1057,1224,1,4,0.364848450093357
"367",1039,1087,3,1,0.561688714831821
"368",1002,1227,6,0,0.695449089703642
"369",1039,1124,3,1,0.561688714831821
"370",1014,1227,5,0,0.672407510517559
"371",1006,1018,7,9,0.443117157173581
"372",1008,1065,2,4,0.408996006843572
"373",1074,1230,3,1,0.561688714831821
"374",1006,1224,0,6,0.268407992105419
"375",1014,1159,4,1,0.594745455110291
"376",1168,1224,0,9,0.220644281922746
"377",1168,1231,11,0,0.774722158387559
"378",1159,1168,7,4,0.561755719498768
"379",1014,1168,6,3,0.570088727958672
"380",1159,1231,5,0,0.672407510517559
"381",1168,1227,5,0,0.672407510517559
"382",1102,1159,0,10,0.208290878346486
"383",1159,1190,4,0,0.645604033971766
"384",1190,1211,3,2,0.517609582517305
"385",1043,1214,4,4,0.481248948733334
"386",1043,1233,4,0,0.645604033971766
"387",1043,1116,4,0,0.645604033971766
"388",1029,1200,0,5,0.289286872485196
"389",1043,1200,12,6,0.600852092047757
"390",1146,1200,0,4,0.313692288112888
"391",1200,1234,8,4,0.583328249032782
"392",1132,1200,0,9,0.220644281922746
"393",1050,1214,1,3,0.395715728907418
"394",1109,1214,1,4,0.364848450093357
"395",1109,1194,3,2,0.517609582517305
"396",1050,1201,1,3,0.395715728907418
"397",1194,1214,2,3,0.440973718120876
"398",1065,1214,3,2,0.517609582517305
"399",1091,1224,2,3,0.440973718120876
"400",1116,1224,6,18,0.300415919412586
"401",1091,1201,0,4,0.313692288112888
"402",1186,1201,0,4,0.313692288112888
"403",1065,1091,5,0,0.672407510517559
"404",1168,1187,1,3,0.395715728907418
"405",1175,1176,2,9,0.30022834620043
"406",1176,1224,3,3,0.47997319335578
"407",1069,1224,0,7,0.250342156036046
"408",1014,1214,5,0,0.672407510517559
"409",1014,1069,11,1,0.734896632772371
"410",1087,1132,4,0,0.645604033971766
"411",1014,1245,3,5,0.419077658952381
"412",1224,1245,2,2,0.478396034182463
"413",1014,1179,29,0,0.883740636133374
"414",1014,1248,6,0,0.695449089703642
"415",1004,1179,1,3,0.395715728907418
"416",1149,1200,3,1,0.561688714831821
"417",1004,1043,4,14,0.294404403229381
"418",1004,1201,0,4,0.313692288112888
"419",1053,1201,2,7,0.335955297576385
"420",1014,1201,16,16,0.48809470768337
"421",1043,1060,4,0,0.645604033971766
"422",1033,1040,3,3,0.47997319335578
"423",1043,1087,5,2,0.58072378364636
"424",1042,1116,1,3,0.395715728907418
"425",1004,1079,2,3,0.440973718120876
"426",1087,1180,2,2,0.478396034182463
"427",1059,1087,3,4,0.447456554285415
"428",1004,1087,7,12,0.393329493374875
"429",1057,1059,0,7,0.250342156036046
"430",1014,1043,2,3,0.440973718120876
"431",1043,1069,12,0,0.785873370398215
"432",1043,1076,7,5,0.533181842718561
"433",1043,1080,6,0,0.695449089703642
"434",1003,1069,4,0,0.645604033971766
"435",1043,1077,16,2,0.756363177800406
"436",1003,1076,2,4,0.408996006843572
"437",1004,1191,5,0,0.672407510517559
"438",1191,1253,2,4,0.408996006843572
"439",1191,1254,0,4,0.313692288112888
"440",1043,1130,5,1,0.623180079717238
"441",1023,1043,1,3,0.395715728907418
"442",1014,1255,4,0,0.645604033971766
"443",1018,1130,3,3,0.47997319335578
"444",1040,1130,9,4,0.602881784914977
"445",1014,1112,5,0,0.672407510517559
"446",1040,1256,3,5,0.419077658952381
"447",1043,1256,2,3,0.440973718120876
"448",1043,1257,4,0,0.645604033971766
"449",1201,1257,5,0,0.672407510517559
"450",1014,1050,4,1,0.594745455110291
"451",1257,1257,5,0,0.672407510517559
"452",1014,1257,10,0,0.76234683912645
"453",1200,1257,6,0,0.695449089703642
"454",1043,1059,13,6,0.615453542858642
"455",1014,1132,6,0,0.695449089703642
"456",1014,1140,9,1,0.705812959700382
"457",1069,1200,1,4,0.364848450093357
"458",1004,1009,1,4,0.364848450093357
"459",1009,1043,3,1,0.561688714831821
"460",1065,1087,2,4,0.408996006843572
"461",1053,1059,3,3,0.47997319335578
"462",1058,1132,6,0,0.695449089703642
"463",1008,1200,1,5,0.338455483826052
"464",1008,1132,6,0,0.695449089703642
"465",1043,1086,3,1,0.561688714831821
"466",1033,1086,1,3,0.395715728907418
"467",1033,1045,0,4,0.313692288112888
"468",1039,1257,6,1,0.647895433326704
"469",1039,1140,3,2,0.517609582517305
"470",1140,1243,1,4,0.364848450093357
"471",1263,1264,7,0,0.715467261367183
"472",1259,1261,1,3,0.395715728907418
"473",1003,1139,2,2,0.478396034182463
"474",1003,1087,2,2,0.478396034182463
"475",1224,1265,8,6,0.529413022484636
"476",1008,1224,3,7,0.371922787178545
"477",1003,1224,0,6,0.268407992105419
"478",1002,1191,5,0,0.672407510517559
"479",1002,1019,7,0,0.715467261367183
"480",1014,1191,4,0,0.645604033971766
"481",1168,1266,0,5,0.289286872485196
"482",1253,1266,0,4,0.313692288112888
"483",1033,1168,9,1,0.705812959700382
"484",1168,1243,6,3,0.570088727958672
"485",1035,1168,5,0,0.672407510517559
"486",1082,1243,1,3,0.395715728907418
"487",1035,1037,4,4,0.481248948733334
"488",1082,1168,1,4,0.364848450093357
"489",1037,1269,5,0,0.672407510517559
"490",1037,1040,2,2,0.478396034182463
"491",1002,1045,4,0,0.645604033971766
"492",1039,1052,9,8,0.504942446204096
"493",1052,1256,3,11,0.303631750804506
"494",1039,1256,5,4,0.511166902519275
"495",1002,1067,4,1,0.594745455110291
"496",1067,1201,0,11,0.197247968383754
"497",1028,1201,0,4,0.313692288112888
"498",1039,1111,13,9,0.552963648571371
"499",1052,1270,3,1,0.561688714831821
"500",1052,1224,10,3,0.650867612658197
"501",1060,1224,5,13,0.332378382763766
"502",1052,1077,9,5,0.574980112578109
"503",1059,1257,8,1,0.688743223084261
"504",1059,1069,11,0,0.774722158387559
"505",1040,1244,1,4,0.364848450093357
"506",1058,1257,6,0,0.695449089703642
"507",1052,1275,4,1,0.594745455110291
"508",1179,1257,7,0,0.715467261367183
"509",1002,1166,27,1,0.852007900065178
"510",1076,1087,3,6,0.394091609289275
"511",1087,1140,9,1,0.705812959700382
"512",1224,1274,6,1,0.647895433326704
"513",1002,1086,5,0,0.672407510517559
"514",1087,1136,1,12,0.224727440371384
"515",1018,1277,1,4,0.364848450093357
"516",1168,1277,4,13,0.306288338598741
"517",1168,1276,4,2,0.551365965377956
"518",1168,1278,4,4,0.481248948733334
"519",1276,1278,1,9,0.262525768755985
"520",1168,1280,5,0,0.672407510517559
"521",1140,1146,4,1,0.594745455110291
"522",1102,1140,0,4,0.313692288112888
"523",1040,1140,3,1,0.561688714831821
"524",1035,1040,3,10,0.318237206126672
"525",1014,1082,5,1,0.623180079717238
"526",1050,1109,2,5,0.381351990200008
"527",1028,1061,1,5,0.338455483826052
"528",1130,1257,6,0,0.695449089703642
"529",1059,1224,2,3,0.440973718120876
"530",1042,1257,4,2,0.551365965377956
"531",1224,1275,3,1,0.561688714831821
"532",1008,1116,2,2,0.478396034182463
"533",1001,1224,6,0,0.695449089703642
"534",1055,1243,7,8,0.462645571053662
"535",1201,1275,3,1,0.561688714831821
"536",1055,1201,2,3,0.440973718120876
"537",1014,1285,9,0,0.748534411681127
"538",1086,1224,3,4,0.447456554285415
"539",1224,1285,6,0,0.695449089703642
"540",1168,1287,1,10,0.248587607211683
"541",1168,1288,2,2,0.478396034182463
"542",1100,1283,3,3,0.47997319335578
"543",1037,1102,5,0,0.672407510517559
"544",1082,1102,9,0,0.748534411681127
"545",1102,1168,0,4,0.313692288112888
"546",1100,1168,5,1,0.623180079717238
"547",1023,1130,3,6,0.394091609289275
"548",1023,1159,2,9,0.30022834620043
"549",1082,1159,0,5,0.289286872485196
"550",1275,1285,9,1,0.705812959700382
"551",1050,1285,5,1,0.623180079717238
"552",1243,1285,5,0,0.672407510517559
"553",1116,1243,4,1,0.594745455110291
"554",1053,1285,4,0,0.645604033971766
"555",1023,1224,2,4,0.408996006843572
"556",1023,1052,2,3,0.440973718120876
"557",1040,1180,3,1,0.561688714831821
"558",1053,1107,6,0,0.695449089703642
"559",1107,1201,0,5,0.289286872485196
"560",1271,1275,0,5,0.289286872485196
"561",1043,1275,4,1,0.594745455110291
"562",1043,1244,5,1,0.623180079717238
"563",1014,1297,4,1,0.594745455110291
"564",1224,1299,4,0,0.645604033971766
"565",1224,1297,4,1,0.594745455110291
"566",1159,1224,5,3,0.543717402558259
"567",1018,1224,1,8,0.278121278278241
"568",1014,1291,7,1,0.669574508888989
"569",1224,1291,4,0,0.645604033971766
"570",1190,1302,1,3,0.395715728907418
"571",1168,1304,28,13,0.642696669299245
"572",1023,1044,2,4,0.408996006843572
"573",1037,1087,2,2,0.478396034182463
"574",1091,1300,0,4,0.313692288112888
"575",1035,1304,14,3,0.70612551003295
"576",1050,1304,6,2,0.606486437372257
"577",1241,1306,9,0,0.748534411681127
"578",1241,1299,7,1,0.669574508888989
"579",1241,1304,5,0,0.672407510517559
"580",1116,1201,4,6,0.427001891407959
"581",1014,1306,12,0,0.785873370398215
"582",1043,1241,1,5,0.338455483826052
"583",1018,1306,16,2,0.756363177800406
"584",1018,1285,14,2,0.736264108670423
"585",1018,1304,3,1,0.561688714831821
"586",1018,1271,4,0,0.645604033971766
"587",1018,1299,13,6,0.615453542858642
"588",1241,1243,4,0,0.645604033971766
"589",1032,1052,0,4,0.313692288112888
"590",1082,1299,4,0,0.645604033971766
"591",1065,1082,3,3,0.47997319335578
"592",1299,1301,3,1,0.561688714831821
"593",1032,1285,12,0,0.785873370398215
"594",1032,1271,6,1,0.647895433326704
"595",1001,1091,10,0,0.76234683912645
"596",1285,1299,2,2,0.478396034182463
"597",1018,1060,2,3,0.440973718120876
"598",1059,1300,2,2,0.478396034182463
"599",1003,1299,6,1,0.647895433326704
"600",1003,1168,3,2,0.517609582517305
"601",1018,1289,12,0,0.785873370398215
"602",1001,1308,2,2,0.478396034182463
"603",1136,1308,10,2,0.684168085220315
"604",1136,1299,24,0,0.865682191261009
"605",1136,1304,4,0,0.645604033971766
"606",1003,1304,3,2,0.517609582517305
"607",1052,1168,6,0,0.695449089703642
"608",1052,1304,10,0,0.76234683912645
"609",1035,1224,4,6,0.427001891407959
"610",1168,1201,0,9,0.220644281922746
"611",1168,1291,2,2,0.478396034182463
"612",1100,1224,4,4,0.481248948733334
"613",1111,1169,3,1,0.561688714831821
"614",1111,1243,5,2,0.58072378364636
"615",1050,1144,3,1,0.561688714831821
"616",1050,1224,6,6,0.483206592056743
"617",1179,1241,0,12,0.187317440126488
"618",1136,1314,4,0,0.645604033971766
"619",1136,1168,16,2,0.756363177800406
"620",1059,1149,1,4,0.364848450093357
"621",1256,1314,6,2,0.606486437372257
"622",1028,1149,0,11,0.197247968383754
"623",1136,1317,7,0,0.715467261367183
"624",1003,1109,4,4,0.481248948733334
"625",1003,1149,2,4,0.408996006843572
"626",1149,1304,4,0,0.645604033971766
"627",1006,1052,2,2,0.478396034182463
"628",1003,1130,4,0,0.645604033971766
"629",1003,1285,2,3,0.440973718120876
"630",1089,1135,1,4,0.364848450093357
"631",1050,1135,2,2,0.478396034182463
"632",1039,1241,4,2,0.551365965377956
"633",1018,1321,10,0,0.76234683912645
"634",1285,1316,3,2,0.517609582517305
"635",1135,1215,9,7,0.526303411490992
"636",1014,1144,5,0,0.672407510517559
"637",1137,1168,3,1,0.561688714831821
"638",1304,1329,0,4,0.313692288112888
"639",1072,1304,5,0,0.672407510517559
"640",1111,1304,3,1,0.561688714831821
"641",1111,1201,3,1,0.561688714831821
"642",1028,1111,0,6,0.268407992105419
"643",1003,1319,3,2,0.517609582517305
"644",1052,1125,2,3,0.440973718120876
"645",1135,1183,2,6,0.357214643133138
"646",1072,1256,0,4,0.313692288112888
"647",1136,1224,4,1,0.594745455110291
"648",1091,1136,0,4,0.313692288112888
"649",1014,1340,9,1,0.705812959700382
"650",1006,1340,5,0,0.672407510517559
"651",1019,1340,4,1,0.594745455110291
"652",1019,1341,4,0,0.645604033971766
"653",1062,1078,0,5,0.289286872485196
"654",1006,1072,2,2,0.478396034182463
"655",1006,1178,6,1,0.647895433326704
"656",1008,1178,2,3,0.440973718120876
"657",1008,1254,3,1,0.561688714831821
"658",1002,1001,5,8,0.41249616485111
"659",1005,1004,1,3,0.395715728907418
"660",1006,1002,0,5,0.289286872485196
"661",1009,1008,5,0,0.672407510517559
"662",1013,1012,2,8,0.317087384189186
"663",1019,1018,7,3,0.593587047799441
"664",1022,1021,6,0,0.695449089703642
"665",1024,1023,0,6,0.268407992105419
"666",1026,1025,4,0,0.645604033971766
"667",1027,1023,1,7,0.295688805952702
"668",1032,1031,1,3,0.395715728907418
"669",1033,1032,4,0,0.645604033971766
"670",1040,1039,24,47,0.346385568665636
"671",1042,1001,0,20,0.133539294605106
"672",1043,1018,12,0,0.785873370398215
"673",1045,1028,21,0,0.851878483928806
"674",1044,1018,6,1,0.647895433326704
"675",1050,1035,4,35,0.162255572616086
"676",1052,1001,19,12,0.577792881543813
"677",1050,1001,4,17,0.263712526667321
"678",1050,1048,5,10,0.376214414999853
"679",1052,1048,4,0,0.645604033971766
"680",1053,1052,3,6,0.394091609289275
"681",1055,1054,7,0,0.715467261367183
"682",1055,1001,0,6,0.268407992105419
"683",1053,1035,8,5,0.55505731026512
"684",1056,1023,0,5,0.289286872485196
"685",1058,1033,6,2,0.606486437372257
"686",1060,1059,2,10,0.28507320725701
"687",1062,1059,1,6,0.315628202426355
"688",1066,1063,4,0,0.645604033971766
"689",1067,1059,14,4,0.678386751399818
"690",1056,1044,1,3,0.395715728907418
"691",1068,1058,0,4,0.313692288112888
"692",1059,1052,15,51,0.249228297140765
"693",1062,1052,1,6,0.315628202426355
"694",1060,1044,2,4,0.408996006843572
"695",1059,1050,12,6,0.600852092047757
"696",1052,1050,4,4,0.481248948733334
"697",1058,1050,3,1,0.561688714831821
"698",1059,1058,1,6,0.315628202426355
"699",1067,1052,2,5,0.381351990200008
"700",1058,1052,8,4,0.583328249032782
"701",1067,1050,5,5,0.48230845109725
"702",1058,1004,7,0,0.715467261367183
"703",1050,1042,37,14,0.685756139592929
"704",1059,1042,26,3,0.800774136579038
"705",1069,1058,0,5,0.289286872485196
"706",1069,1004,0,10,0.208290878346486
"707",1069,1046,0,7,0.250342156036046
"708",1059,1004,14,27,0.357077532260234
"709",1069,1029,0,8,0.23455634126196
"710",1069,1050,0,7,0.250342156036046
"711",1073,1050,4,4,0.481248948733334
"712",1077,1076,6,5,0.509053624587438
"713",1060,1004,4,6,0.427001891407959
"714",1069,1044,1,3,0.395715728907418
"715",1076,1004,2,4,0.408996006843572
"716",1053,1008,7,4,0.561755719498768
"717",1060,1029,0,6,0.268407992105419
"718",1086,1060,2,3,0.440973718120876
"719",1087,1069,7,0,0.715467261367183
"720",1060,1042,5,11,0.360369868850835
"721",1079,1060,2,2,0.478396034182463
"722",1086,1063,4,2,0.551365965377956
"723",1079,1042,4,2,0.551365965377956
"724",1079,1006,7,2,0.629273946458623
"725",1042,1014,1,3,0.395715728907418
"726",1044,1042,3,2,0.517609582517305
"727",1055,1053,1,3,0.395715728907418
"728",1014,1004,8,17,0.351203548574061
"729",1055,1004,3,2,0.517609582517305
"730",1008,1002,2,6,0.357214643133138
"731",1053,1039,8,11,0.430147313916779
"732",1039,1008,17,7,0.643417529336986
"733",1008,1008,0,4,0.313692288112888
"734",1055,1014,5,13,0.332378382763766
"735",1053,1025,6,0,0.695449089703642
"736",1087,1053,6,2,0.606486437372257
"737",1007,1002,0,4,0.313692288112888
"738",1087,1002,1,3,0.395715728907418
"739",1023,1018,7,9,0.443117157173581
"740",1099,1029,3,3,0.47997319335578
"741",1100,1052,4,5,0.452500289558166
"742",1082,1035,0,8,0.23455634126196
"743",1052,1035,12,7,0.578228628723123
"744",1082,1050,2,4,0.408996006843572
"745",1101,1053,3,2,0.517609582517305
"746",1053,1037,2,2,0.478396034182463
"747",1103,1037,0,12,0.187317440126488
"748",1035,1001,1,4,0.364848450093357
"749",1101,1001,2,3,0.440973718120876
"750",1057,1052,0,4,0.313692288112888
"751",1087,1001,4,1,0.594745455110291
"752",1087,1052,3,11,0.303631750804506
"753",1059,1001,5,3,0.543717402558259
"754",1044,1035,2,3,0.440973718120876
"755",1107,1106,0,4,0.313692288112888
"756",1107,1067,1,14,0.205048401004575
"757",1100,1035,2,3,0.440973718120876
"758",1109,1059,4,0,0.645604033971766
"759",1040,1001,19,12,0.577792881543813
"760",1052,1040,7,12,0.393329493374875
"761",1035,1018,6,1,0.647895433326704
"762",1052,1018,11,3,0.666539895102658
"763",1111,1052,13,5,0.639569165506638
"764",1109,1040,3,8,0.352119172062986
"765",1111,1040,7,9,0.443117157173581
"766",1111,1035,10,7,0.544972276647656
"767",1109,1048,5,1,0.623180079717238
"768",1109,1052,16,15,0.500755336227792
"769",1109,1067,10,10,0.485786009743109
"770",1060,1028,4,1,0.594745455110291
"771",1067,1028,5,1,0.623180079717238
"772",1109,1028,4,1,0.594745455110291
"773",1028,1014,0,12,0.187317440126488
"774",1067,1053,1,9,0.262525768755985
"775",1109,1053,3,7,0.371922787178545
"776",1113,1059,1,6,0.315628202426355
"777",1091,1059,2,3,0.440973718120876
"778",1039,1006,65,26,0.689931095499494
"779",1107,1069,0,28,0.103754887091391
"780",1058,1006,7,1,0.669574508888989
"781",1074,1006,6,0,0.695449089703642
"782",1116,1045,4,6,0.427001891407959
"783",1074,1008,5,2,0.58072378364636
"784",1069,1053,1,3,0.395715728907418
"785",1067,1006,10,6,0.568058429342999
"786",1008,1006,53,83,0.389711610648309
"787",1058,1008,4,0,0.645604033971766
"788",1067,1029,2,5,0.381351990200008
"789",1065,1052,4,3,0.513915526306462
"790",1065,1004,2,2,0.478396034182463
"791",1073,1004,2,2,0.478396034182463
"792",1044,1008,4,0,0.645604033971766
"793",1055,1044,1,9,0.262525768755985
"794",1112,1003,2,2,0.478396034182463
"795",1121,1054,4,0,0.645604033971766
"796",1044,1003,7,4,0.561755719498768
"797",1108,1042,0,4,0.313692288112888
"798",1122,1003,3,1,0.561688714831821
"799",1055,1003,7,13,0.379134297098003
"800",1029,1003,4,1,0.594745455110291
"801",1039,1003,9,5,0.574980112578109
"802",1124,1006,4,15,0.283408987584411
"803",1006,1006,0,4,0.313692288112888
"804",1073,1003,0,4,0.313692288112888
"805",1128,1015,4,0,0.645604033971766
"806",1042,1023,2,5,0.381351990200008
"807",1052,1045,2,2,0.478396034182463
"808",1052,1028,5,0,0.672407510517559
"809",1110,1018,5,7,0.433401106201764
"810",1045,1014,9,2,0.667766735671918
"811",1043,1035,2,2,0.478396034182463
"812",1101,1035,3,1,0.561688714831821
"813",1101,1043,2,5,0.381351990200008
"814",1052,1043,7,6,0.507386347660473
"815",1112,1043,0,4,0.313692288112888
"816",1130,1014,4,1,0.594745455110291
"817",1060,1014,5,26,0.220903089998478
"818",1091,1014,1,6,0.315628202426355
"819",1091,1055,4,1,0.594745455110291
"820",1113,1071,1,5,0.338455483826052
"821",1130,1044,5,0,0.672407510517559
"822",1132,1043,0,7,0.250342156036046
"823",1059,1055,12,4,0.651907539637368
"824",1074,1055,5,1,0.623180079717238
"825",1058,1055,19,3,0.754679218287754
"826",1060,1058,0,8,0.23455634126196
"827",1065,1055,6,4,0.537836125411821
"828",1077,1014,0,8,0.23455634126196
"829",1077,1058,2,2,0.478396034182463
"830",1058,1043,5,1,0.623180079717238
"831",1091,1043,0,5,0.289286872485196
"832",1055,1043,2,17,0.21065831742473
"833",1077,1003,3,1,0.561688714831821
"834",1043,1003,7,2,0.629273946458623
"835",1039,1002,0,5,0.289286872485196
"836",1136,1135,6,2,0.606486437372257
"837",1137,1106,2,2,0.478396034182463
"838",1067,1008,2,6,0.357214643133138
"839",1124,1008,1,10,0.248587607211683
"840",1026,1018,12,0,0.785873370398215
"841",1145,1008,0,5,0.289286872485196
"842",1145,1109,0,6,0.268407992105419
"843",1109,1039,1,5,0.338455483826052
"844",1039,1035,4,0,0.645604033971766
"845",1039,1018,7,2,0.629273946458623
"846",1018,1008,5,8,0.41249616485111
"847",1043,1008,9,3,0.633652594676706
"848",1148,1044,1,4,0.364848450093357
"849",1147,1044,2,3,0.440973718120876
"850",1149,1101,4,1,0.594745455110291
"851",1135,1044,2,2,0.478396034182463
"852",1109,1038,1,10,0.248587607211683
"853",1149,1067,6,6,0.483206592056743
"854",1109,1055,7,0,0.715467261367183
"855",1065,1006,4,1,0.594745455110291
"856",1064,1055,4,2,0.551365965377956
"857",1058,1053,5,1,0.623180079717238
"858",1060,1053,2,6,0.357214643133138
"859",1076,1014,1,4,0.364848450093357
"860",1121,1071,2,3,0.440973718120876
"861",1052,1014,4,2,0.551365965377956
"862",1121,1029,0,9,0.220644281922746
"863",1040,1040,0,7,0.250342156036046
"864",1065,1059,6,4,0.537836125411821
"865",1121,1032,2,6,0.357214643133138
"866",1052,1029,4,1,0.594745455110291
"867",1109,1069,3,1,0.561688714831821
"868",1043,1039,9,9,0.485253609247813
"869",1043,1040,8,0,0.733019503581283
"870",1158,1039,2,3,0.440973718120876
"871",1158,1079,2,3,0.440973718120876
"872",1122,1079,8,1,0.688743223084261
"873",1039,1029,5,1,0.623180079717238
"874",1006,1003,7,19,0.311668900389749
"875",1008,1003,8,15,0.374083315624604
"876",1159,1039,1,7,0.295688805952702
"877",1136,1003,16,3,0.727682169349377
"878",1136,1018,20,7,0.673690276489457
"879",1018,1003,4,4,0.481248948733334
"880",1072,1003,4,0,0.645604033971766
"881",1136,1039,3,2,0.517609582517305
"882",1136,1006,6,0,0.695449089703642
"883",1162,1161,0,4,0.313692288112888
"884",1163,1161,0,4,0.313692288112888
"885",1137,1055,6,1,0.647895433326704
"886",1166,1019,0,4,0.313692288112888
"887",1055,1037,5,5,0.48230845109725
"888",1145,1089,0,4,0.313692288112888
"889",1111,1100,6,0,0.695449089703642
"890",1111,1109,7,0,0.715467261367183
"891",1169,1154,3,1,0.561688714831821
"892",1168,1004,1,5,0.338455483826052
"893",1168,1043,0,4,0.313692288112888
"894",1146,1122,0,4,0.313692288112888
"895",1035,1004,4,7,0.404230324643543
"896",1169,1055,4,0,0.645604033971766
"897",1038,1003,4,3,0.513915526306462
"898",1040,1003,4,2,0.551365965377956
"899",1136,1004,2,2,0.478396034182463
"900",1136,1008,4,0,0.645604033971766
"901",1136,1043,4,3,0.513915526306462
"902",1018,1018,0,4,0.313692288112888
"903",1175,1004,1,8,0.278121278278241
"904",1176,1004,4,12,0.319173179009392
"905",1176,1002,1,5,0.338455483826052
"906",1175,1002,0,4,0.313692288112888
"907",1052,1002,6,6,0.483206592056743
"908",1052,1004,19,17,0.511365046079585
"909",1176,1052,1,3,0.395715728907418
"910",1053,1043,0,10,0.208290878346486
"911",1089,1043,2,3,0.440973718120876
"912",1052,1003,2,2,0.478396034182463
"913",1089,1003,2,2,0.478396034182463
"914",1003,1002,1,4,0.364848450093357
"915",1125,1003,5,4,0.511166902519275
"916",1003,1001,2,2,0.478396034182463
"917",1004,1001,2,2,0.478396034182463
"918",1042,1003,2,5,0.381351990200008
"919",1050,1003,6,2,0.606486437372257
"920",1140,1035,1,4,0.364848450093357
"921",1140,1029,1,3,0.395715728907418
"922",1035,1029,4,0,0.645604033971766
"923",1111,1002,0,5,0.289286872485196
"924",1111,1050,5,2,0.58072378364636
"925",1060,1050,6,8,0.438681769139941
"926",1179,1050,3,15,0.256545303869408
"927",1067,1060,1,3,0.395715728907418
"928",1111,1043,2,6,0.357214643133138
"929",1067,1018,3,1,0.561688714831821
"930",1111,1091,13,2,0.72491882063849
"931",1050,1043,1,7,0.295688805952702
"932",1111,1067,5,2,0.58072378364636
"933",1111,1078,0,5,0.289286872485196
"934",1111,1060,14,11,0.532353264864439
"935",1180,1109,0,8,0.23455634126196
"936",1180,1002,0,6,0.268407992105419
"937",1112,1053,0,4,0.313692288112888
"938",1180,1004,2,7,0.335955297576385
"939",1182,1111,3,3,0.47997319335578
"940",1180,1052,1,4,0.364848450093357
"941",1079,1059,4,4,0.481248948733334
"942",1059,1002,0,7,0.250342156036046
"943",1180,1149,1,6,0.315628202426355
"944",1132,1059,0,6,0.268407992105419
"945",1079,1040,0,4,0.313692288112888
"946",1180,1059,1,3,0.395715728907418
"947",1137,1003,4,0,0.645604033971766
"948",1187,1072,1,4,0.364848450093357
"949",1072,1039,2,3,0.440973718120876
"950",1187,1055,2,9,0.30022834620043
"951",1188,1039,0,4,0.313692288112888
"952",1168,1037,7,9,0.443117157173581
"953",1168,1168,0,9,0.220644281922746
"954",1188,1018,2,2,0.478396034182463
"955",1146,1052,1,3,0.395715728907418
"956",1164,1162,7,2,0.629273946458623
"957",1194,1052,3,5,0.419077658952381
"958",1035,1006,11,2,0.699028372395309
"959",1050,1045,3,6,0.394091609289275
"960",1116,1035,3,5,0.419077658952381
"961",1197,1122,4,4,0.481248948733334
"962",1169,1052,0,4,0.313692288112888
"963",1194,1168,5,3,0.543717402558259
"964",1168,1060,2,2,0.478396034182463
"965",1168,1028,4,1,0.594745455110291
"966",1168,1055,1,3,0.395715728907418
"967",1060,1055,8,5,0.55505731026512
"968",1109,1045,2,3,0.440973718120876
"969",1200,1197,11,12,0.470385693640399
"970",1200,1053,6,0,0.695449089703642
"971",1200,1014,4,3,0.513915526306462
"972",1201,1200,5,1,0.623180079717238
"973",1188,1014,0,5,0.289286872485196
"974",1087,1006,11,13,0.455513648469298
"975",1040,1006,8,2,0.649572100300113
"976",1200,1048,4,0,0.645604033971766
"977",1200,1040,3,1,0.561688714831821
"978",1200,1042,10,1,0.721110052035787
"979",1200,1102,5,1,0.623180079717238
"980",1043,1029,14,2,0.736264108670423
"981",1200,1059,11,7,0.562229441683335
"982",1200,1050,11,3,0.666539895102658
"983",1176,1014,1,4,0.364848450093357
"984",1200,1176,2,2,0.478396034182463
"985",1200,1091,4,0,0.645604033971766
"986",1109,1091,6,1,0.647895433326704
"987",1091,1050,1,10,0.248587607211683
"988",1059,1014,4,3,0.513915526306462
"989",1091,1052,1,5,0.338455483826052
"990",1136,1052,6,6,0.483206592056743
"991",1136,1059,13,3,0.694016234457445
"992",1200,1004,3,1,0.561688714831821
"993",1200,1052,3,6,0.394091609289275
"994",1156,1136,0,4,0.313692288112888
"995",1200,1084,5,0,0.672407510517559
"996",1116,1014,3,9,0.334320756026152
"997",1200,1028,4,0,0.645604033971766
"998",1214,1116,2,3,0.440973718120876
"999",1164,1014,1,9,0.262525768755985
"1000",1164,1004,1,4,0.364848450093357
"1001",1116,1091,2,3,0.440973718120876
"1002",1116,1004,0,6,0.268407992105419
"1003",1213,1052,2,3,0.440973718120876
"1004",1052,1008,17,10,0.587420798558756
"1005",1179,1052,1,3,0.395715728907418
"1006",1172,1014,0,4,0.313692288112888
"1007",1189,1014,0,4,0.313692288112888
"1008",1218,1014,0,6,0.268407992105419
"1009",1217,1187,0,6,0.268407992105419
"1010",1217,1014,0,10,0.208290878346486
"1011",1219,1116,2,5,0.381351990200008
"1012",1217,1179,0,5,0.289286872485196
"1013",1217,1050,0,6,0.268407992105419
"1014",1045,1001,6,2,0.606486437372257
"1015",1224,1045,0,4,0.313692288112888
"1016",1217,1039,1,4,0.364848450093357
"1017",1224,1217,7,0,0.715467261367183
"1018",1225,1019,2,3,0.440973718120876
"1019",1164,1055,2,4,0.408996006843572
"1020",1164,1002,1,5,0.338455483826052
"1021",1217,1055,0,4,0.313692288112888
"1022",1224,1014,6,1,0.647895433326704
"1023",1224,1057,4,1,0.594745455110291
"1024",1087,1039,1,3,0.395715728907418
"1025",1227,1002,0,6,0.268407992105419
"1026",1124,1039,1,3,0.395715728907418
"1027",1227,1014,0,5,0.289286872485196
"1028",1018,1006,9,7,0.526303411490992
"1029",1065,1008,4,2,0.551365965377956
"1030",1230,1074,1,3,0.395715728907418
"1031",1224,1006,6,0,0.695449089703642
"1032",1159,1014,1,4,0.364848450093357
"1033",1224,1168,9,0,0.748534411681127
"1034",1231,1168,0,11,0.197247968383754
"1035",1168,1159,4,7,0.404230324643543
"1036",1168,1014,3,6,0.394091609289275
"1037",1231,1159,0,5,0.289286872485196
"1038",1227,1168,0,5,0.289286872485196
"1039",1159,1102,10,0,0.76234683912645
"1040",1190,1159,0,4,0.313692288112888
"1041",1211,1190,2,3,0.440973718120876
"1042",1214,1043,4,4,0.481248948733334
"1043",1233,1043,0,4,0.313692288112888
"1044",1116,1043,0,4,0.313692288112888
"1045",1200,1029,5,0,0.672407510517559
"1046",1200,1043,6,12,0.370456429083047
"1047",1200,1146,4,0,0.645604033971766
"1048",1234,1200,4,8,0.383769234688249
"1049",1200,1132,9,0,0.748534411681127
"1050",1214,1050,3,1,0.561688714831821
"1051",1214,1109,4,1,0.594745455110291
"1052",1194,1109,2,3,0.440973718120876
"1053",1201,1050,3,1,0.561688714831821
"1054",1214,1194,3,2,0.517609582517305
"1055",1214,1065,2,3,0.440973718120876
"1056",1224,1091,3,2,0.517609582517305
"1057",1224,1116,18,6,0.674932131950535
"1058",1201,1091,4,0,0.645604033971766
"1059",1201,1186,4,0,0.645604033971766
"1060",1091,1065,0,5,0.289286872485196
"1061",1187,1168,3,1,0.561688714831821
"1062",1176,1175,9,2,0.667766735671918
"1063",1224,1176,3,3,0.47997319335578
"1064",1224,1069,7,0,0.715467261367183
"1065",1214,1014,0,5,0.289286872485196
"1066",1069,1014,1,11,0.236055745992241
"1067",1132,1087,0,4,0.313692288112888
"1068",1245,1014,5,3,0.543717402558259
"1069",1245,1224,2,2,0.478396034182463
"1070",1179,1014,0,29,0.100940765685866
"1071",1248,1014,0,6,0.268407992105419
"1072",1179,1004,3,1,0.561688714831821
"1073",1200,1149,1,3,0.395715728907418
"1074",1043,1004,14,4,0.678386751399818
"1075",1201,1004,4,0,0.645604033971766
"1076",1201,1053,7,2,0.629273946458623
"1077",1201,1014,16,16,0.48809470768337
"1078",1060,1043,0,4,0.313692288112888
"1079",1040,1033,3,3,0.47997319335578
"1080",1087,1043,2,5,0.381351990200008
"1081",1116,1042,3,1,0.561688714831821
"1082",1079,1004,3,2,0.517609582517305
"1083",1180,1087,2,2,0.478396034182463
"1084",1087,1059,4,3,0.513915526306462
"1085",1087,1004,12,7,0.578228628723123
"1086",1059,1057,7,0,0.715467261367183
"1087",1043,1014,3,2,0.517609582517305
"1088",1069,1043,0,12,0.187317440126488
"1089",1076,1043,5,7,0.433401106201764
"1090",1080,1043,0,6,0.268407992105419
"1091",1069,1003,0,4,0.313692288112888
"1092",1077,1043,2,16,0.218817028142062
"1093",1076,1003,4,2,0.551365965377956
"1094",1191,1004,0,5,0.289286872485196
"1095",1253,1191,4,2,0.551365965377956
"1096",1254,1191,4,0,0.645604033971766
"1097",1130,1043,1,5,0.338455483826052
"1098",1043,1023,3,1,0.561688714831821
"1099",1255,1014,0,4,0.313692288112888
"1100",1130,1018,3,3,0.47997319335578
"1101",1130,1040,4,9,0.365283179693507
"1102",1112,1014,0,5,0.289286872485196
"1103",1256,1040,5,3,0.543717402558259
"1104",1256,1043,3,2,0.517609582517305
"1105",1257,1043,0,4,0.313692288112888
"1106",1257,1201,0,5,0.289286872485196
"1107",1050,1014,1,4,0.364848450093357
"1108",1257,1257,0,5,0.289286872485196
"1109",1257,1014,0,10,0.208290878346486
"1110",1257,1200,0,6,0.268407992105419
"1111",1059,1043,6,13,0.356596783844717
"1112",1132,1014,0,6,0.268407992105419
"1113",1140,1014,1,9,0.262525768755985
"1114",1200,1069,4,1,0.594745455110291
"1115",1009,1004,4,1,0.594745455110291
"1116",1043,1009,1,3,0.395715728907418
"1117",1087,1065,4,2,0.551365965377956
"1118",1059,1053,3,3,0.47997319335578
"1119",1132,1058,0,6,0.268407992105419
"1120",1200,1008,5,1,0.623180079717238
"1121",1132,1008,0,6,0.268407992105419
"1122",1086,1043,1,3,0.395715728907418
"1123",1086,1033,3,1,0.561688714831821
"1124",1045,1033,4,0,0.645604033971766
"1125",1257,1039,1,6,0.315628202426355
"1126",1140,1039,2,3,0.440973718120876
"1127",1243,1140,4,1,0.594745455110291
"1128",1264,1263,0,7,0.250342156036046
"1129",1261,1259,3,1,0.561688714831821
"1130",1139,1003,2,2,0.478396034182463
"1131",1087,1003,2,2,0.478396034182463
"1132",1265,1224,6,8,0.438681769139941
"1133",1224,1008,7,3,0.593587047799441
"1134",1224,1003,6,0,0.695449089703642
"1135",1191,1002,0,5,0.289286872485196
"1136",1019,1002,0,7,0.250342156036046
"1137",1191,1014,0,4,0.313692288112888
"1138",1266,1168,5,0,0.672407510517559
"1139",1266,1253,4,0,0.645604033971766
"1140",1168,1033,1,9,0.262525768755985
"1141",1243,1168,3,6,0.394091609289275
"1142",1168,1035,0,5,0.289286872485196
"1143",1243,1082,3,1,0.561688714831821
"1144",1037,1035,4,4,0.481248948733334
"1145",1168,1082,4,1,0.594745455110291
"1146",1269,1037,0,5,0.289286872485196
"1147",1040,1037,2,2,0.478396034182463
"1148",1045,1002,0,4,0.313692288112888
"1149",1052,1039,8,9,0.465009695468498
"1150",1256,1052,11,3,0.666539895102658
"1151",1256,1039,4,5,0.452500289558166
"1152",1067,1002,1,4,0.364848450093357
"1153",1201,1067,11,0,0.774722158387559
"1154",1201,1028,4,0,0.645604033971766
"1155",1111,1039,9,13,0.419812289438085
"1156",1270,1052,1,3,0.395715728907418
"1157",1224,1052,3,10,0.318237206126672
"1158",1224,1060,13,5,0.639569165506638
"1159",1077,1052,5,9,0.393519120804333
"1160",1257,1059,1,8,0.278121278278241
"1161",1069,1059,0,11,0.197247968383754
"1162",1244,1040,4,1,0.594745455110291
"1163",1257,1058,0,6,0.268407992105419
"1164",1275,1052,1,4,0.364848450093357
"1165",1257,1179,0,7,0.250342156036046
"1166",1166,1002,1,27,0.130680421248421
"1167",1087,1076,6,3,0.570088727958672
"1168",1140,1087,1,9,0.262525768755985
"1169",1274,1224,1,6,0.315628202426355
"1170",1086,1002,0,5,0.289286872485196
"1171",1136,1087,12,1,0.74738565243015
"1172",1277,1018,4,1,0.594745455110291
"1173",1277,1168,13,4,0.665669851875668
"1174",1276,1168,2,4,0.408996006843572
"1175",1278,1168,4,4,0.481248948733334
"1176",1278,1276,9,1,0.705812959700382
"1177",1280,1168,0,5,0.289286872485196
"1178",1146,1140,1,4,0.364848450093357
"1179",1140,1102,4,0,0.645604033971766
"1180",1140,1040,1,3,0.395715728907418
"1181",1040,1035,10,3,0.650867612658197
"1182",1082,1014,1,5,0.338455483826052
"1183",1109,1050,5,2,0.58072378364636
"1184",1061,1028,5,1,0.623180079717238
"1185",1257,1130,0,6,0.268407992105419
"1186",1224,1059,3,2,0.517609582517305
"1187",1257,1042,2,4,0.408996006843572
"1188",1275,1224,1,3,0.395715728907418
"1189",1116,1008,2,2,0.478396034182463
"1190",1224,1001,0,6,0.268407992105419
"1191",1243,1055,8,7,0.506043219611214
"1192",1275,1201,1,3,0.395715728907418
"1193",1201,1055,3,2,0.517609582517305
"1194",1285,1014,0,9,0.220644281922746
"1195",1224,1086,4,3,0.513915526306462
"1196",1285,1224,0,6,0.268407992105419
"1197",1287,1168,10,1,0.721110052035787
"1198",1288,1168,2,2,0.478396034182463
"1199",1283,1100,3,3,0.47997319335578
"1200",1102,1037,0,5,0.289286872485196
"1201",1102,1082,0,9,0.220644281922746
"1202",1168,1102,4,0,0.645604033971766
"1203",1168,1100,1,5,0.338455483826052
"1204",1130,1023,6,3,0.570088727958672
"1205",1159,1023,9,2,0.667766735671918
"1206",1159,1082,5,0,0.672407510517559
"1207",1285,1275,1,9,0.262525768755985
"1208",1285,1050,1,5,0.338455483826052
"1209",1285,1243,0,5,0.289286872485196
"1210",1243,1116,1,4,0.364848450093357
"1211",1285,1053,0,4,0.313692288112888
"1212",1224,1023,4,2,0.551365965377956
"1213",1052,1023,3,2,0.517609582517305
"1214",1180,1040,1,3,0.395715728907418
"1215",1107,1053,0,6,0.268407992105419
"1216",1201,1107,5,0,0.672407510517559
"1217",1275,1271,5,0,0.672407510517559
"1218",1275,1043,1,4,0.364848450093357
"1219",1244,1043,1,5,0.338455483826052
"1220",1297,1014,1,4,0.364848450093357
"1221",1299,1224,0,4,0.313692288112888
"1222",1297,1224,1,4,0.364848450093357
"1223",1224,1159,3,5,0.419077658952381
"1224",1224,1018,8,1,0.688743223084261
"1225",1291,1014,1,7,0.295688805952702
"1226",1291,1224,0,4,0.313692288112888
"1227",1302,1190,3,1,0.561688714831821
"1228",1304,1168,13,28,0.336817284871788
"1229",1044,1023,4,2,0.551365965377956
"1230",1087,1037,2,2,0.478396034182463
"1231",1300,1091,4,0,0.645604033971766
"1232",1304,1035,3,14,0.266891447475427
"1233",1304,1050,2,6,0.357214643133138
"1234",1306,1241,0,9,0.220644281922746
"1235",1299,1241,1,7,0.295688805952702
"1236",1304,1241,0,5,0.289286872485196
"1237",1201,1116,6,4,0.537836125411821
"1238",1306,1014,0,12,0.187317440126488
"1239",1241,1043,5,1,0.623180079717238
"1240",1306,1018,2,16,0.218817028142062
"1241",1285,1018,2,14,0.237190739633156
"1242",1304,1018,1,3,0.395715728907418
"1243",1271,1018,0,4,0.313692288112888
"1244",1299,1018,6,13,0.356596783844717
"1245",1243,1241,0,4,0.313692288112888
"1246",1052,1032,4,0,0.645604033971766
"1247",1299,1082,0,4,0.313692288112888
"1248",1082,1065,3,3,0.47997319335578
"1249",1301,1299,1,3,0.395715728907418
"1250",1285,1032,0,12,0.187317440126488
"1251",1271,1032,1,6,0.315628202426355
"1252",1091,1001,0,10,0.208290878346486
"1253",1299,1285,2,2,0.478396034182463
"1254",1060,1018,3,2,0.517609582517305
"1255",1300,1059,2,2,0.478396034182463
"1256",1299,1003,1,6,0.315628202426355
"1257",1168,1003,2,3,0.440973718120876
"1258",1289,1018,0,12,0.187317440126488
"1259",1308,1001,2,2,0.478396034182463
"1260",1308,1136,2,10,0.28507320725701
"1261",1299,1136,0,24,0.116777629893421
"1262",1304,1136,0,4,0.313692288112888
"1263",1304,1003,2,3,0.440973718120876
"1264",1168,1052,0,6,0.268407992105419
"1265",1304,1052,0,10,0.208290878346486
"1266",1224,1035,6,4,0.537836125411821
"1267",1201,1168,9,0,0.748534411681127
"1268",1291,1168,2,2,0.478396034182463
"1269",1224,1100,4,4,0.481248948733334
"1270",1169,1111,1,3,0.395715728907418
"1271",1243,1111,2,5,0.381351990200008
"1272",1144,1050,1,3,0.395715728907418
"1273",1224,1050,6,6,0.483206592056743
"1274",1241,1179,12,0,0.785873370398215
"1275",1314,1136,0,4,0.313692288112888
"1276",1168,1136,2,16,0.218817028142062
"1277",1149,1059,4,1,0.594745455110291
"1278",1314,1256,2,6,0.357214643133138
"1279",1149,1028,11,0,0.774722158387559
"1280",1317,1136,0,7,0.250342156036046
"1281",1109,1003,4,4,0.481248948733334
"1282",1149,1003,4,2,0.551365965377956
"1283",1304,1149,0,4,0.313692288112888
"1284",1052,1006,2,2,0.478396034182463
"1285",1130,1003,0,4,0.313692288112888
"1286",1285,1003,3,2,0.517609582517305
"1287",1135,1089,4,1,0.594745455110291
"1288",1135,1050,2,2,0.478396034182463
"1289",1241,1039,2,4,0.408996006843572
"1290",1321,1018,0,10,0.208290878346486
"1291",1316,1285,2,3,0.440973718120876
"1292",1215,1135,7,9,0.443117157173581
"1293",1144,1014,0,5,0.289286872485196
"1294",1168,1137,1,3,0.395715728907418
"1295",1329,1304,4,0,0.645604033971766
"1296",1304,1072,0,5,0.289286872485196
"1297",1304,1111,1,3,0.395715728907418
"1298",1201,1111,1,3,0.395715728907418
"1299",1111,1028,6,0,0.695449089703642
"1300",1319,1003,2,3,0.440973718120876
"1301",1125,1052,3,2,0.517609582517305
"1302",1183,1135,6,2,0.606486437372257
"1303",1256,1072,4,0,0.645604033971766
"1304",1224,1136,1,4,0.364848450093357
"1305",1136,1091,4,0,0.645604033971766
"1306",1340,1014,1,9,0.262525768755985
"1307",1340,1006,0,5,0.289286872485196
"1308",1340,1019,1,4,0.364848450093357
"1309",1341,1019,0,4,0.313692288112888
"1310",1078,1062,5,0,0.672407510517559
"1311",1072,1006,2,2,0.478396034182463
"1312",1178,1006,1,6,0.315628202426355
"1313",1178,1008,3,2,0.517609582517305
"1314",1254,1008,1,3,0.395715728907418
